Trade #,Type,Signal,Date/Time,Price THB,Contracts,Profit THB,Profit %,Cum. Profit THB,Cum. Profit %,Run-up THB,Run-up %,Drawdown THB,Drawdown %
270,Exit Short,MacdLE,2024-12-27 13:45,911.5,1,-1120.00,-0.62,5960.00,-0.11,180.00,0.10,1220.00,0.67
270,Entry Short,MacdSE,2024-12-26 15:45,905.9,1,-1120.00,-0.62,5960.00,-0.11,180.00,0.10,1220.00,0.67
269,Exit Short,MacdLE,2024-12-23 10:45,889.2,1,2440.00,1.35,7080.00,0.24,4180.00,2.32,400.00,0.22
269,Entry Short,MacdSE,2024-12-19 11:45,901.4,1,2440.00,1.35,7080.00,0.24,4180.00,2.32,400.00,0.22
268,Exit Short,MacdLE,2024-12-18 16:45,906.0,1,5620.00,3.01,4640.00,0.56,7020.00,3.76,80.00,0.04
268,Entry Short,MacdSE,2024-12-12 14:45,934.1,1,5620.00,3.01,4640.00,0.56,7020.00,3.76,80.00,0.04
267,Exit Short,MacdLE,2024-12-12 11:45,936.6,1,40.00,0.02,-980.00,0.00,1560.00,0.83,940.00,0.50
267,Entry Short,MacdSE,2024-12-06 09:45,936.8,1,40.00,0.02,-980.00,0.00,1560.00,0.83,940.00,0.50
266,Exit Short,MacdLE,2024-12-02 11:45,920.6,1,-820.00,-0.45,-1020.00,-0.08,60.00,0.03,980.00,0.53
266,Entry Short,MacdSE,2024-12-02 10:45,916.5,1,-820.00,-0.45,-1020.00,-0.08,60.00,0.03,980.00,0.53
265,Exit Short,MacdLE,2024-11-29 09:45,924.6,1,1160.00,0.62,-200.00,0.12,2420.00,1.30,420.00,0.23
265,Entry Short,MacdSE,2024-11-26 15:45,930.4,1,1160.00,0.62,-200.00,0.12,2420.00,1.30,420.00,0.23
264,Exit Short,MacdLE,2024-11-25 10:45,939.1,1,1360.00,0.72,-1360.00,0.14,3680.00,1.95,240.00,0.13
264,Entry Short,MacdSE,2024-11-20 13:45,945.9,1,1360.00,0.72,-1360.00,0.14,3680.00,1.95,240.00,0.13
263,Exit Short,MacdLE,2024-11-18 10:45,936.9,1,-1300.00,-0.70,-2720.00,-0.13,420.00,0.23,1920.00,1.03
263,Entry Short,MacdSE,2024-11-15 14:45,930.4,1,-1300.00,-0.70,-2720.00,-0.13,420.00,0.23,1920.00,1.03
262,Exit Short,MacdLE,2024-11-14 14:45,938.2,1,-2120.00,-1.14,-1420.00,-0.21,300.00,0.16,2220.00,1.20
262,Entry Short,MacdSE,2024-11-14 10:45,927.6,1,-2120.00,-1.14,-1420.00,-0.21,300.00,0.16,2220.00,1.20
261,Exit Short,MacdLE,2024-11-13 10:45,943.2,1,300.00,0.16,700.00,0.03,3260.00,1.73,1780.00,0.94
261,Entry Short,MacdSE,2024-11-06 16:45,944.7,1,300.00,0.16,700.00,0.03,3260.00,1.73,1780.00,0.94
260,Exit Short,MacdLE,2024-10-31 10:45,933.6,1,-1720.00,-0.93,400.00,-0.17,380.00,0.21,1920.00,1.04
260,Entry Short,MacdSE,2024-10-30 10:45,925.0,1,-1720.00,-0.93,400.00,-0.17,380.00,0.21,1920.00,1.04
259,Exit Short,MacdLE,2024-10-29 11:45,933.4,1,-620.00,-0.33,2120.00,-0.06,900.00,0.48,1040.00,0.56
259,Entry Short,MacdSE,2024-10-28 10:45,930.3,1,-620.00,-0.33,2120.00,-0.06,900.00,0.48,1040.00,0.56
258,Exit Short,MacdLE,2024-10-25 16:45,939.5,1,3320.00,1.74,2740.00,0.33,4540.00,2.37,700.00,0.37
258,Entry Short,MacdSE,2024-10-18 16:45,956.1,1,3320.00,1.74,2740.00,0.33,4540.00,2.37,700.00,0.37
257,Exit Short,MacdLE,2024-10-16 14:45,948.3,1,-2920.00,-1.56,-580.00,-0.29,220.00,0.12,2940.00,1.57
257,Entry Short,MacdSE,2024-10-15 10:45,933.7,1,-2920.00,-1.56,-580.00,-0.29,220.00,0.12,2940.00,1.57
256,Exit Short,MacdLE,2024-10-04 14:45,916.5,1,360.00,0.20,2340.00,0.04,1840.00,1.00,260.00,0.14
256,Entry Short,MacdSE,2024-10-02 14:45,918.3,1,360.00,0.20,2340.00,0.04,1840.00,1.00,260.00,0.14
255,Exit Short,MacdLE,2024-10-01 10:45,924.0,1,200.00,0.11,1980.00,0.02,2860.00,1.55,240.00,0.13
255,Entry Short,MacdSE,2024-09-26 09:45,925.0,1,200.00,0.11,1980.00,0.02,2860.00,1.55,240.00,0.13
254,Exit Short,MacdLE,2024-09-24 13:45,917.5,1,-1520.00,-0.84,1780.00,-0.15,980.00,0.54,1980.00,1.09
254,Entry Short,MacdSE,2024-09-20 16:45,909.9,1,-1520.00,-0.84,1780.00,-0.15,980.00,0.54,1980.00,1.09
253,Exit Short,MacdLE,2024-09-19 13:45,909.9,1,-1140.00,-0.63,3300.00,-0.11,280.00,0.15,1200.00,0.66
253,Entry Short,MacdSE,2024-09-18 14:45,904.2,1,-1140.00,-0.63,3300.00,-0.11,280.00,0.15,1200.00,0.66
252,Exit Short,MacdLE,2024-09-18 10:45,909.6,1,-1180.00,-0.65,4440.00,-0.12,180.00,0.10,1600.00,0.89
252,Entry Short,MacdSE,2024-09-17 14:45,903.7,1,-1180.00,-0.65,4440.00,-0.12,180.00,0.10,1600.00,0.89
251,Exit Short,MacdLE,2024-09-16 11:45,902.1,1,-560.00,-0.31,5620.00,-0.06,400.00,0.22,740.00,0.41
251,Entry Short,MacdSE,2024-09-13 14:45,899.3,1,-560.00,-0.31,5620.00,-0.06,400.00,0.22,740.00,0.41
250,Exit Short,MacdLE,2024-09-13 11:45,901.0,1,0,0.00,6180.00,0.00,2720.00,1.51,880.00,0.49
250,Entry Short,MacdSE,2024-09-09 13:45,901.0,1,0,0.00,6180.00,0.00,2720.00,1.51,880.00,0.49
249,Exit Short,MacdLE,2024-09-04 15:45,855.9,1,-640.00,-0.38,6180.00,-0.06,280.00,0.16,920.00,0.54
249,Entry Short,MacdSE,2024-09-04 13:45,852.7,1,-640.00,-0.38,6180.00,-0.06,280.00,0.16,920.00,0.54
248,Exit Short,MacdLE,2024-09-03 13:45,854.6,1,500.00,0.29,6820.00,0.05,1860.00,1.09,1360.00,0.79
248,Entry Short,MacdSE,2024-08-27 14:45,857.1,1,500.00,0.29,6820.00,0.05,1860.00,1.09,1360.00,0.79
247,Exit Short,MacdLE,2024-08-23 11:45,848.8,1,-2340.00,-1.40,6320.00,-0.23,120.00,0.07,2400.00,1.43
247,Entry Short,MacdSE,2024-08-21 11:45,837.1,1,-2340.00,-1.40,6320.00,-0.23,120.00,0.07,2400.00,1.43
246,Exit Short,MacdLE,2024-08-16 10:45,817.8,1,-1720.00,-1.06,8660.00,-0.17,700.00,0.43,1820.00,1.12
246,Entry Short,MacdSE,2024-08-14 15:45,809.2,1,-1720.00,-1.06,8660.00,-0.17,700.00,0.43,1820.00,1.12
245,Exit Short,MacdLE,2024-08-07 10:45,806.4,1,3720.00,2.25,10380.00,0.37,6620.00,4.01,280.00,0.17
245,Entry Short,MacdSE,2024-08-01 15:45,825.0,1,3720.00,2.25,10380.00,0.37,6620.00,4.01,280.00,0.17
244,Exit Short,MacdLE,2024-07-26 10:45,810.2,1,1800.00,1.10,6660.00,0.18,3400.00,2.08,480.00,0.29
244,Entry Short,MacdSE,2024-07-19 10:45,819.2,1,1800.00,1.10,6660.00,0.18,3400.00,2.08,480.00,0.29
243,Exit Short,MacdLE,2024-07-18 13:45,823.3,1,-1120.00,-0.68,4860.00,-0.11,340.00,0.21,1440.00,0.88
243,Entry Short,MacdSE,2024-07-15 10:45,817.7,1,-1120.00,-0.68,4860.00,-0.11,340.00,0.21,1440.00,0.88
242,Exit Short,MacdLE,2024-07-11 11:45,814.9,1,-620.00,-0.38,5980.00,-0.06,120.00,0.07,1200.00,0.74
242,Entry Short,MacdSE,2024-07-10 15:45,811.8,1,-620.00,-0.38,5980.00,-0.06,120.00,0.07,1200.00,0.74
241,Exit Short,MacdLE,2024-07-10 10:45,813.9,1,-780.00,-0.48,6600.00,-0.08,0,0.00,1060.00,0.65
241,Entry Short,MacdSE,2024-07-10 09:45,810.0,1,-780.00,-0.48,6600.00,-0.08,0,0.00,1060.00,0.65
240,Exit Short,MacdLE,2024-07-03 11:45,797.8,1,-320.00,-0.20,7380.00,-0.03,740.00,0.46,520.00,0.33
240,Entry Short,MacdSE,2024-07-02 10:45,796.2,1,-320.00,-0.20,7380.00,-0.03,740.00,0.46,520.00,0.33
239,Exit Short,MacdLE,2024-07-01 16:45,802.1,1,3120.00,1.91,7700.00,0.31,3400.00,2.08,460.00,0.28
239,Entry Short,MacdSE,2024-06-26 13:45,817.7,1,3120.00,1.91,7700.00,0.31,3400.00,2.08,460.00,0.28
238,Exit Short,MacdLE,2024-06-18 10:45,806.6,1,-80.00,-0.05,4580.00,-0.01,1800.00,1.12,120.00,0.07
238,Entry Short,MacdSE,2024-06-14 15:45,806.2,1,-80.00,-0.05,4580.00,-0.01,1800.00,1.12,120.00,0.07
237,Exit Short,MacdLE,2024-06-11 11:45,810.6,1,-460.00,-0.28,4660.00,-0.05,780.00,0.48,800.00,0.49
237,Entry Short,MacdSE,2024-06-10 10:45,808.3,1,-460.00,-0.28,4660.00,-0.05,780.00,0.48,800.00,0.49
236,Exit Short,MacdLE,2024-06-07 13:45,818.7,1,-500.00,-0.31,5120.00,-0.05,620.00,0.38,680.00,0.42
236,Entry Short,MacdSE,2024-06-06 14:45,816.2,1,-500.00,-0.31,5120.00,-0.05,620.00,0.38,680.00,0.42
235,Exit Short,MacdLE,2024-06-05 15:45,822.9,1,-440.00,-0.27,5620.00,-0.04,280.00,0.17,460.00,0.28
235,Entry Short,MacdSE,2024-06-05 14:45,820.7,1,-440.00,-0.27,5620.00,-0.04,280.00,0.17,460.00,0.28
234,Exit Short,MacdLE,2024-06-05 11:45,825.6,1,-580.00,-0.35,6060.00,-0.06,300.00,0.18,760.00,0.46
234,Entry Short,MacdSE,2024-06-04 16:45,822.7,1,-580.00,-0.35,6060.00,-0.06,300.00,0.18,760.00,0.46
233,Exit Short,MacdLE,2024-05-31 09:45,830.9,1,1280.00,0.76,6640.00,0.13,3520.00,2.10,520.00,0.31
233,Entry Short,MacdSE,2024-05-28 15:45,837.3,1,1280.00,0.76,6640.00,0.13,3520.00,2.10,520.00,0.31
232,Exit Short,MacdLE,2024-05-27 10:45,840.7,1,2480.00,1.45,5360.00,0.25,3780.00,2.22,160.00,0.09
232,Entry Short,MacdSE,2024-05-20 14:45,853.1,1,2480.00,1.45,5360.00,0.25,3780.00,2.22,160.00,0.09
231,Exit Short,MacdLE,2024-05-16 10:45,853.4,1,-1640.00,-0.97,2880.00,-0.16,380.00,0.22,1840.00,1.09
231,Entry Short,MacdSE,2024-05-15 13:45,845.2,1,-1640.00,-0.97,2880.00,-0.16,380.00,0.22,1840.00,1.09
230,Exit Short,MacdLE,2024-05-13 09:45,841.7,1,120.00,0.07,4520.00,0.01,1020.00,0.61,420.00,0.25
230,Entry Short,MacdSE,2024-05-08 13:45,842.3,1,120.00,0.07,4520.00,0.01,1020.00,0.61,420.00,0.25
229,Exit Short,MacdLE,2024-05-03 16:45,837.0,1,-820.00,-0.49,4400.00,-0.08,440.00,0.26,1040.00,0.62
229,Entry Short,MacdSE,2024-05-02 10:45,832.9,1,-820.00,-0.49,4400.00,-0.08,440.00,0.26,1040.00,0.62
228,Exit Short,MacdLE,2024-04-30 10:45,839.8,1,-1520.00,-0.91,5220.00,-0.15,720.00,0.43,1660.00,1.00
228,Entry Short,MacdSE,2024-04-26 13:45,832.2,1,-1520.00,-0.91,5220.00,-0.15,720.00,0.43,1660.00,1.00
227,Exit Short,MacdLE,2024-04-22 11:45,820.9,1,7100.00,4.15,6740.00,0.71,9840.00,5.74,820.00,0.48
227,Entry Short,MacdSE,2024-04-11 10:45,856.4,1,7100.00,4.15,6740.00,0.71,9840.00,5.74,820.00,0.48
226,Exit Short,MacdLE,2024-04-05 16:45,839.4,1,-260.00,-0.16,-360.00,-0.03,60.00,0.04,340.00,0.20
226,Entry Short,MacdSE,2024-04-05 11:45,838.1,1,-260.00,-0.16,-360.00,-0.03,60.00,0.04,340.00,0.20
225,Exit Short,MacdLE,2024-04-04 16:45,840.0,1,320.00,0.19,-100.00,0.03,1020.00,0.61,440.00,0.26
225,Entry Short,MacdSE,2024-04-04 09:45,841.6,1,320.00,0.19,-100.00,0.03,1020.00,0.61,440.00,0.26
224,Exit Short,MacdLE,2024-04-03 14:45,842.0,1,-780.00,-0.47,-420.00,-0.08,100.00,0.06,780.00,0.47
224,Entry Short,MacdSE,2024-04-03 13:45,838.1,1,-780.00,-0.47,-420.00,-0.08,100.00,0.06,780.00,0.47
223,Exit Short,MacdLE,2024-04-01 09:45,838.5,1,300.00,0.18,360.00,0.03,1560.00,0.93,120.00,0.07
223,Entry Short,MacdSE,2024-03-28 10:45,840.0,1,300.00,0.18,360.00,0.03,1560.00,0.93,120.00,0.07
222,Exit Short,MacdLE,2024-03-26 16:45,845.0,1,120.00,0.07,60.00,0.01,980.00,0.58,260.00,0.15
222,Entry Short,MacdSE,2024-03-25 10:45,845.6,1,120.00,0.07,60.00,0.01,980.00,0.58,260.00,0.15
221,Exit Short,MacdLE,2024-03-21 10:45,851.1,1,-820.00,-0.48,-60.00,-0.08,1980.00,1.17,1100.00,0.65
221,Entry Short,MacdSE,2024-03-15 11:45,847.0,1,-820.00,-0.48,-60.00,-0.08,1980.00,1.17,1100.00,0.65
220,Exit Short,MacdLE,2024-03-14 10:45,847.2,1,-340.00,-0.20,760.00,-0.03,180.00,0.11,540.00,0.32
220,Entry Short,MacdSE,2024-03-14 09:45,845.5,1,-340.00,-0.20,760.00,-0.03,180.00,0.11,540.00,0.32
219,Exit Short,MacdLE,2024-03-13 11:45,848.1,1,-1140.00,-0.68,1100.00,-0.11,700.00,0.42,1280.00,0.76
219,Entry Short,MacdSE,2024-03-11 15:45,842.4,1,-1140.00,-0.68,1100.00,-0.11,700.00,0.42,1280.00,0.76
218,Exit Short,MacdLE,2024-03-06 09:45,824.8,1,-320.00,-0.19,2240.00,-0.03,120.00,0.07,900.00,0.55
218,Entry Short,MacdSE,2024-03-05 10:45,823.2,1,-320.00,-0.19,2240.00,-0.03,120.00,0.07,900.00,0.55
217,Exit Short,MacdLE,2024-03-04 11:45,833.0,1,3520.00,2.07,2560.00,0.35,4980.00,2.93,660.00,0.39
217,Entry Short,MacdSE,2024-02-23 15:45,850.6,1,3520.00,2.07,2560.00,0.35,4980.00,2.93,660.00,0.39
216,Exit Short,MacdLE,2024-02-21 11:45,845.8,1,-1980.00,-1.18,-960.00,-0.20,100.00,0.06,2180.00,1.30
216,Entry Short,MacdSE,2024-02-20 11:45,835.9,1,-1980.00,-1.18,-960.00,-0.20,100.00,0.06,2180.00,1.30
215,Exit Short,MacdLE,2024-02-15 16:45,837.5,1,-580.00,-0.35,1020.00,-0.06,220.00,0.13,980.00,0.59
215,Entry Short,MacdSE,2024-02-14 10:45,834.6,1,-580.00,-0.35,1020.00,-0.06,220.00,0.13,980.00,0.59
214,Exit Short,MacdLE,2024-02-13 09:45,846.6,1,240.00,0.14,1600.00,0.02,1820.00,1.07,780.00,0.46
214,Entry Short,MacdSE,2024-02-08 09:45,847.8,1,240.00,0.14,1600.00,0.02,1820.00,1.07,780.00,0.46
213,Exit Short,MacdLE,2024-02-06 10:45,842.6,1,-680.00,-0.41,1360.00,-0.07,120.00,0.07,960.00,0.57
213,Entry Short,MacdSE,2024-02-06 09:45,839.2,1,-680.00,-0.41,1360.00,-0.07,120.00,0.07,960.00,0.57
212,Exit Short,MacdLE,2024-02-01 16:45,830.4,1,-180.00,-0.11,2040.00,-0.02,60.00,0.04,320.00,0.19
212,Entry Short,MacdSE,2024-02-01 15:45,829.5,1,-180.00,-0.11,2040.00,-0.02,60.00,0.04,320.00,0.19
211,Exit Short,MacdLE,2024-02-01 14:45,830.7,1,-460.00,-0.28,2220.00,-0.05,440.00,0.27,1100.00,0.66
211,Entry Short,MacdSE,2024-01-31 10:45,828.4,1,-460.00,-0.28,2220.00,-0.05,440.00,0.27,1100.00,0.66
210,Exit Short,MacdLE,2024-01-29 15:45,839.3,1,-1440.00,-0.87,2680.00,-0.14,140.00,0.08,1580.00,0.95
210,Entry Short,MacdSE,2024-01-26 15:45,832.1,1,-1440.00,-0.87,2680.00,-0.14,140.00,0.08,1580.00,0.95
209,Exit Short,MacdLE,2024-01-24 13:45,829.1,1,-660.00,-0.40,4120.00,-0.07,660.00,0.40,1100.00,0.67
209,Entry Short,MacdSE,2024-01-23 15:45,825.8,1,-660.00,-0.40,4120.00,-0.07,660.00,0.40,1100.00,0.67
208,Exit Short,MacdLE,2024-01-19 10:45,841.5,1,3140.00,1.83,4780.00,0.31,4800.00,2.80,40.00,0.02
208,Entry Short,MacdSE,2024-01-15 15:45,857.2,1,3140.00,1.83,4780.00,0.31,4800.00,2.80,40.00,0.02
207,Exit Short,MacdLE,2024-01-12 15:45,861.6,1,-560.00,-0.33,1640.00,-0.06,100.00,0.06,780.00,0.45
207,Entry Short,MacdSE,2024-01-12 14:45,858.8,1,-560.00,-0.33,1640.00,-0.06,100.00,0.06,780.00,0.45
206,Exit Short,MacdLE,2024-01-10 14:45,865.4,1,-300.00,-0.17,2200.00,-0.03,560.00,0.32,420.00,0.24
206,Entry Short,MacdSE,2024-01-09 16:45,863.9,1,-300.00,-0.17,2200.00,-0.03,560.00,0.32,420.00,0.24
205,Exit Short,MacdLE,2024-01-09 11:45,867.9,1,1780.00,1.02,2500.00,0.18,2740.00,1.56,380.00,0.22
205,Entry Short,MacdSE,2024-01-03 13:45,876.8,1,1780.00,1.02,2500.00,0.18,2740.00,1.56,380.00,0.22
204,Exit Short,MacdLE,2024-01-02 11:45,880.0,1,-860.00,-0.49,720.00,-0.09,1180.00,0.67,900.00,0.51
204,Entry Short,MacdSE,2023-12-27 10:45,875.7,1,-860.00,-0.49,720.00,-0.09,1180.00,0.67,900.00,0.51
203,Exit Short,MacdLE,2023-12-26 10:45,876.6,1,-500.00,-0.29,1580.00,-0.05,40.00,0.02,540.00,0.31
203,Entry Short,MacdSE,2023-12-26 09:45,874.1,1,-500.00,-0.29,1580.00,-0.05,40.00,0.02,540.00,0.31
202,Exit Short,MacdLE,2023-12-25 11:45,875.5,1,-2060.00,-1.19,2080.00,-0.21,240.00,0.14,2240.00,1.29
202,Entry Short,MacdSE,2023-12-21 09:45,865.2,1,-2060.00,-1.19,2080.00,-0.21,240.00,0.14,2240.00,1.29
201,Exit Short,MacdLE,2023-12-20 10:45,871.8,1,-1520.00,-0.88,4140.00,-0.15,120.00,0.07,1660.00,0.96
201,Entry Short,MacdSE,2023-12-19 10:45,864.2,1,-1520.00,-0.88,4140.00,-0.15,120.00,0.07,1660.00,0.96
200,Exit Short,MacdLE,2023-12-14 10:45,851.5,1,-1700.00,-1.01,5660.00,-0.17,680.00,0.40,1740.00,1.03
200,Entry Short,MacdSE,2023-12-13 10:45,843.0,1,-1700.00,-1.01,5660.00,-0.17,680.00,0.40,1740.00,1.03
199,Exit Short,MacdLE,2023-12-13 09:45,848.6,1,280.00,0.16,7360.00,0.03,440.00,0.26,260.00,0.15
199,Entry Short,MacdSE,2023-12-12 13:45,850.0,1,280.00,0.16,7360.00,0.03,440.00,0.26,260.00,0.15
198,Exit Short,MacdLE,2023-12-08 10:45,856.3,1,-2080.00,-1.23,7080.00,-0.21,100.00,0.06,2160.00,1.28
198,Entry Short,MacdSE,2023-12-07 10:45,845.9,1,-2080.00,-1.23,7080.00,-0.21,100.00,0.06,2160.00,1.28
197,Exit Short,MacdLE,2023-12-01 15:45,853.9,1,980.00,0.57,9160.00,0.10,1820.00,1.06,520.00,0.30
197,Entry Short,MacdSE,2023-11-29 16:45,858.8,1,980.00,0.57,9160.00,0.10,1820.00,1.06,520.00,0.30
196,Exit Short,MacdLE,2023-11-28 10:45,865.9,1,2460.00,1.40,8180.00,0.24,4420.00,2.52,720.00,0.41
196,Entry Short,MacdSE,2023-11-21 14:45,878.2,1,2460.00,1.40,8180.00,0.24,4420.00,2.52,720.00,0.41
195,Exit Short,MacdLE,2023-11-21 10:45,883.5,1,-1520.00,-0.87,5720.00,-0.15,480.00,0.27,1920.00,1.10
195,Entry Short,MacdSE,2023-11-17 13:45,875.9,1,-1520.00,-0.87,5720.00,-0.15,480.00,0.27,1920.00,1.10
194,Exit Short,MacdLE,2023-11-17 11:45,883.2,1,-1420.00,-0.81,7240.00,-0.14,160.00,0.09,1640.00,0.94
194,Entry Short,MacdSE,2023-11-17 10:45,876.1,1,-1420.00,-0.81,7240.00,-0.14,160.00,0.09,1640.00,0.94
193,Exit Short,MacdLE,2023-11-13 16:45,862.9,1,2900.00,1.65,8660.00,0.29,4620.00,2.63,520.00,0.30
193,Entry Short,MacdSE,2023-11-06 16:45,877.4,1,2900.00,1.65,8660.00,0.29,4620.00,2.63,520.00,0.30
192,Exit Short,MacdLE,2023-11-02 10:45,869.6,1,-2900.00,-1.70,5760.00,-0.29,520.00,0.30,2960.00,1.73
192,Entry Short,MacdSE,2023-11-01 11:45,855.1,1,-2900.00,-1.70,5760.00,-0.29,520.00,0.30,2960.00,1.73
191,Exit Short,MacdLE,2023-11-01 10:45,862.4,1,-1600.00,-0.94,8660.00,-0.16,140.00,0.08,1640.00,0.96
191,Entry Short,MacdSE,2023-10-31 14:45,854.4,1,-1600.00,-0.94,8660.00,-0.16,140.00,0.08,1640.00,0.96
190,Exit Short,MacdLE,2023-10-27 15:45,861.7,1,-1340.00,-0.78,10260.00,-0.13,1960.00,1.15,1660.00,0.97
190,Entry Short,MacdSE,2023-10-26 11:45,855.0,1,-1340.00,-0.78,10260.00,-0.13,1960.00,1.15,1660.00,0.97
189,Exit Short,MacdLE,2023-10-25 10:45,867.8,1,2080.00,1.18,11600.00,0.21,4220.00,2.40,680.00,0.39
189,Entry Short,MacdSE,2023-10-19 11:45,878.2,1,2080.00,1.18,11600.00,0.21,4220.00,2.40,680.00,0.39
188,Exit Short,MacdLE,2023-10-17 14:45,887.3,1,-2040.00,-1.16,9520.00,-0.20,1700.00,0.97,2100.00,1.20
188,Entry Short,MacdSE,2023-10-16 10:45,877.1,1,-2040.00,-1.16,9520.00,-0.20,1700.00,0.97,2100.00,1.20
187,Exit Short,MacdLE,2023-10-09 16:45,875.7,1,-540.00,-0.31,11560.00,-0.05,600.00,0.34,1140.00,0.65
187,Entry Short,MacdSE,2023-10-09 09:45,873.0,1,-540.00,-0.31,11560.00,-0.05,600.00,0.34,1140.00,0.65
186,Exit Short,MacdLE,2023-10-04 14:45,885.9,1,-720.00,-0.41,12100.00,-0.07,2860.00,1.62,1820.00,1.03
186,Entry Short,MacdSE,2023-10-03 10:45,882.3,1,-720.00,-0.41,12100.00,-0.07,2860.00,1.62,1820.00,1.03
185,Exit Short,MacdLE,2023-10-02 16:45,902.0,1,2780.00,1.52,12820.00,0.28,3900.00,2.13,120.00,0.07
185,Entry Short,MacdSE,2023-09-28 15:45,915.9,1,2780.00,1.52,12820.00,0.28,3900.00,2.13,120.00,0.07
184,Exit Short,MacdLE,2023-09-28 09:45,917.5,1,1140.00,0.62,10040.00,0.11,1740.00,0.94,760.00,0.41
184,Entry Short,MacdSE,2023-09-25 15:45,923.2,1,1140.00,0.62,10040.00,0.11,1740.00,0.94,760.00,0.41
183,Exit Short,MacdLE,2023-09-21 15:45,925.2,1,2440.00,1.30,8900.00,0.24,4200.00,2.24,420.00,0.22
183,Entry Short,MacdSE,2023-09-18 10:45,937.4,1,2440.00,1.30,8900.00,0.24,4200.00,2.24,420.00,0.22
182,Exit Short,MacdLE,2023-09-14 10:45,941.6,1,-700.00,-0.37,6460.00,-0.07,320.00,0.17,720.00,0.38
182,Entry Short,MacdSE,2023-09-13 14:45,938.1,1,-700.00,-0.37,6460.00,-0.07,320.00,0.17,720.00,0.38
181,Exit Short,MacdLE,2023-09-12 10:45,942.3,1,-440.00,-0.23,7160.00,-0.04,1180.00,0.63,480.00,0.26
181,Entry Short,MacdSE,2023-09-08 16:45,940.1,1,-440.00,-0.23,7160.00,-0.04,1180.00,0.63,480.00,0.26
180,Exit Short,MacdLE,2023-09-06 15:45,944.7,1,-980.00,-0.52,7600.00,-0.10,120.00,0.06,1080.00,0.57
180,Entry Short,MacdSE,2023-09-06 14:45,939.8,1,-980.00,-0.52,7600.00,-0.10,120.00,0.06,1080.00,0.57
179,Exit Short,MacdLE,2023-09-06 10:45,946.2,1,2920.00,1.52,8580.00,0.29,4020.00,2.09,340.00,0.18
179,Entry Short,MacdSE,2023-08-30 16:45,960.8,1,2920.00,1.52,8580.00,0.29,4020.00,2.09,340.00,0.18
178,Exit Short,MacdLE,2023-08-30 10:45,964.1,1,-2300.00,-1.21,5660.00,-0.23,420.00,0.22,2340.00,1.23
178,Entry Short,MacdSE,2023-08-25 10:45,952.6,1,-2300.00,-1.21,5660.00,-0.23,420.00,0.22,2340.00,1.23
177,Exit Short,MacdLE,2023-08-21 11:45,934.8,1,-520.00,-0.28,7960.00,-0.05,680.00,0.36,920.00,0.49
177,Entry Short,MacdSE,2023-08-21 09:45,932.2,1,-520.00,-0.28,7960.00,-0.05,680.00,0.36,920.00,0.49
176,Exit Short,MacdLE,2023-08-18 15:45,935.9,1,-800.00,-0.43,8480.00,-0.08,80.00,0.04,1620.00,0.87
176,Entry Short,MacdSE,2023-08-18 14:45,931.9,1,-800.00,-0.43,8480.00,-0.08,80.00,0.04,1620.00,0.87
175,Exit Short,MacdLE,2023-08-17 11:45,937.0,1,460.00,0.24,9280.00,0.05,2560.00,1.36,20.00,0.01
175,Entry Short,MacdSE,2023-08-15 13:45,939.3,1,460.00,0.24,9280.00,0.05,2560.00,1.36,20.00,0.01
174,Exit Short,MacdLE,2023-08-09 15:45,942.0,1,100.00,0.05,8820.00,0.01,1200.00,0.64,280.00,0.15
174,Entry Short,MacdSE,2023-08-08 14:45,942.5,1,100.00,0.05,8820.00,0.01,1200.00,0.64,280.00,0.15
173,Exit Short,MacdLE,2023-08-07 15:45,952.4,1,1140.00,0.59,8720.00,0.11,3820.00,1.99,1580.00,0.82
173,Entry Short,MacdSE,2023-08-02 11:45,958.1,1,1140.00,0.59,8720.00,0.11,3820.00,1.99,1580.00,0.82
172,Exit Short,MacdLE,2023-07-27 11:45,951.1,1,-1860.00,-0.99,7580.00,-0.18,460.00,0.24,1980.00,1.05
172,Entry Short,MacdSE,2023-07-26 10:45,941.8,1,-1860.00,-0.99,7580.00,-0.18,460.00,0.24,1980.00,1.05
171,Exit Short,MacdLE,2023-07-26 09:45,944.5,1,-740.00,-0.39,9440.00,-0.07,1060.00,0.56,780.00,0.41
171,Entry Short,MacdSE,2023-07-24 14:45,940.8,1,-740.00,-0.39,9440.00,-0.07,1060.00,0.56,780.00,0.41
170,Exit Short,MacdLE,2023-07-24 10:45,945.8,1,-540.00,-0.29,10180.00,-0.05,2460.00,1.30,1160.00,0.61
170,Entry Short,MacdSE,2023-07-18 16:45,943.1,1,-540.00,-0.29,10180.00,-0.05,2460.00,1.30,1160.00,0.61
169,Exit Short,MacdLE,2023-07-13 15:45,916.6,1,-660.00,-0.36,10720.00,-0.07,160.00,0.09,1040.00,0.57
169,Entry Short,MacdSE,2023-07-12 16:45,913.3,1,-660.00,-0.36,10720.00,-0.07,160.00,0.09,1040.00,0.57
168,Exit Short,MacdLE,2023-07-10 13:45,908.6,1,2200.00,1.20,11380.00,0.22,4640.00,2.52,280.00,0.15
168,Entry Short,MacdSE,2023-07-05 15:45,919.6,1,2200.00,1.20,11380.00,0.22,4640.00,2.52,280.00,0.15
167,Exit Short,MacdLE,2023-06-29 13:45,904.4,1,-1480.00,-0.82,9180.00,-0.15,1780.00,0.99,1600.00,0.89
167,Entry Short,MacdSE,2023-06-28 16:45,897.0,1,-1480.00,-0.82,9180.00,-0.15,1780.00,0.99,1600.00,0.89
166,Exit Short,MacdLE,2023-06-26 15:45,911.1,1,-540.00,-0.30,10660.00,-0.05,380.00,0.21,1020.00,0.56
166,Entry Short,MacdSE,2023-06-26 13:45,908.4,1,-540.00,-0.30,10660.00,-0.05,380.00,0.21,1020.00,0.56
165,Exit Short,MacdLE,2023-06-23 14:45,915.4,1,5980.00,3.16,11200.00,0.59,7160.00,3.79,1640.00,0.87
165,Entry Short,MacdSE,2023-06-14 09:45,945.3,1,5980.00,3.16,11200.00,0.59,7160.00,3.79,1640.00,0.87
164,Exit Short,MacdLE,2023-06-13 14:45,947.4,1,-1720.00,-0.92,5220.00,-0.17,280.00,0.15,1780.00,0.95
164,Entry Short,MacdSE,2023-06-12 11:45,938.8,1,-1720.00,-0.92,5220.00,-0.17,280.00,0.15,1780.00,0.95
163,Exit Short,MacdLE,2023-06-07 15:45,923.8,1,-1120.00,-0.61,6940.00,-0.11,80.00,0.04,1360.00,0.74
163,Entry Short,MacdSE,2023-06-07 10:45,918.2,1,-1120.00,-0.61,6940.00,-0.11,80.00,0.04,1360.00,0.74
162,Exit Short,MacdLE,2023-06-02 10:45,921.9,1,160.00,0.09,8060.00,0.02,2140.00,1.16,560.00,0.30
162,Entry Short,MacdSE,2023-05-30 14:45,922.7,1,160.00,0.09,8060.00,0.02,2140.00,1.16,560.00,0.30
161,Exit Short,MacdLE,2023-05-29 11:45,928.0,1,-1200.00,-0.65,7900.00,-0.12,560.00,0.30,1360.00,0.74
161,Entry Short,MacdSE,2023-05-26 10:45,922.0,1,-1200.00,-0.65,7900.00,-0.12,560.00,0.30,1360.00,0.74
160,Exit Short,MacdLE,2023-05-25 15:45,929.2,1,-980.00,-0.53,9100.00,-0.10,340.00,0.18,1060.00,0.57
160,Entry Short,MacdSE,2023-05-25 11:45,924.3,1,-980.00,-0.53,9100.00,-0.10,340.00,0.18,1060.00,0.57
159,Exit Short,MacdLE,2023-05-22 15:45,919.5,1,400.00,0.22,10080.00,0.04,3820.00,2.07,600.00,0.33
159,Entry Short,MacdSE,2023-05-19 13:45,921.5,1,400.00,0.22,10080.00,0.04,3820.00,2.07,600.00,0.33
158,Exit Short,MacdLE,2023-05-18 11:45,931.6,1,3340.00,1.76,9680.00,0.33,6460.00,3.41,1940.00,1.02
158,Entry Short,MacdSE,2023-05-10 14:45,948.3,1,3340.00,1.76,9680.00,0.33,6460.00,3.41,1940.00,1.02
157,Exit Short,MacdLE,2023-05-03 14:45,923.1,1,-2120.00,-1.16,6340.00,-0.21,20.00,0.01,2320.00,1.27
157,Entry Short,MacdSE,2023-05-03 11:45,912.5,1,-2120.00,-1.16,6340.00,-0.21,20.00,0.01,2320.00,1.27
156,Exit Short,MacdLE,2023-05-02 10:45,923.8,1,-1400.00,-0.76,8460.00,-0.14,40.00,0.02,1920.00,1.05
156,Entry Short,MacdSE,2023-04-28 15:45,916.8,1,-1400.00,-0.76,8460.00,-0.14,40.00,0.02,1920.00,1.05
155,Exit Short,MacdLE,2023-04-28 10:45,926.9,1,-640.00,-0.35,9860.00,-0.06,260.00,0.14,1240.00,0.67
155,Entry Short,MacdSE,2023-04-27 13:45,923.7,1,-640.00,-0.35,9860.00,-0.06,260.00,0.14,1240.00,0.67
154,Exit Short,MacdLE,2023-04-26 11:45,930.5,1,-540.00,-0.29,10500.00,-0.05,40.00,0.02,700.00,0.38
154,Entry Short,MacdSE,2023-04-26 10:45,927.8,1,-540.00,-0.29,10500.00,-0.05,40.00,0.02,700.00,0.38
153,Exit Short,MacdLE,2023-04-26 09:45,929.1,1,-60.00,-0.03,11040.00,-0.01,40.00,0.02,400.00,0.22
153,Entry Short,MacdSE,2023-04-25 14:45,928.8,1,-60.00,-0.03,11040.00,-0.01,40.00,0.02,400.00,0.22
152,Exit Short,MacdLE,2023-04-24 14:45,935.7,1,4620.00,2.41,11100.00,0.46,5580.00,2.91,500.00,0.26
152,Entry Short,MacdSE,2023-04-18 10:45,958.8,1,4620.00,2.41,11100.00,0.46,5580.00,2.91,500.00,0.26
151,Exit Short,MacdLE,2023-04-17 09:45,960.4,1,-1600.00,-0.84,6480.00,-0.16,360.00,0.19,2040.00,1.07
151,Entry Short,MacdSE,2023-04-12 10:45,952.4,1,-1600.00,-0.84,6480.00,-0.16,360.00,0.19,2040.00,1.07
150,Exit Short,MacdLE,2023-04-10 09:45,947.5,1,3320.00,1.72,8080.00,0.33,4200.00,2.18,1700.00,0.88
150,Entry Short,MacdSE,2023-03-30 10:45,964.1,1,3320.00,1.72,8080.00,0.33,4200.00,2.18,1700.00,0.88
149,Exit Short,MacdLE,2023-03-28 11:45,966.6,1,-1040.00,-0.54,4760.00,-0.10,1180.00,0.61,1420.00,0.74
149,Entry Short,MacdSE,2023-03-24 13:45,961.4,1,-1040.00,-0.54,4760.00,-0.10,1180.00,0.61,1420.00,0.74
148,Exit Short,MacdLE,2023-03-21 10:45,939.0,1,-2260.00,-1.22,5800.00,-0.22,60.00,0.03,2780.00,1.50
148,Entry Short,MacdSE,2023-03-20 15:45,927.7,1,-2260.00,-1.22,5800.00,-0.22,60.00,0.03,2780.00,1.50
147,Exit Short,MacdLE,2023-03-15 13:45,931.2,1,4460.00,2.34,8060.00,0.44,10660.00,5.59,300.00,0.16
147,Entry Short,MacdSE,2023-03-10 10:45,953.5,1,4460.00,2.34,8060.00,0.44,10660.00,5.59,300.00,0.16
146,Exit Short,MacdLE,2023-03-09 09:45,956.6,1,-480.00,-0.25,3600.00,-0.05,80.00,0.04,1220.00,0.64
146,Entry Short,MacdSE,2023-03-08 11:45,954.2,1,-480.00,-0.25,3600.00,-0.05,80.00,0.04,1220.00,0.64
145,Exit Short,MacdLE,2023-03-07 10:45,966.6,1,-1820.00,-0.95,4080.00,-0.18,280.00,0.15,1820.00,0.95
145,Entry Short,MacdSE,2023-03-03 11:45,957.5,1,-1820.00,-0.95,4080.00,-0.18,280.00,0.15,1820.00,0.95
144,Exit Short,MacdLE,2023-02-28 16:45,965.0,1,-380.00,-0.20,5900.00,-0.04,300.00,0.16,700.00,0.36
144,Entry Short,MacdSE,2023-02-28 11:45,963.1,1,-380.00,-0.20,5900.00,-0.04,300.00,0.16,700.00,0.36
143,Exit Short,MacdLE,2023-02-28 10:45,969.6,1,3560.00,1.80,6280.00,0.36,4420.00,2.24,200.00,0.10
143,Entry Short,MacdSE,2023-02-22 15:45,987.4,1,3560.00,1.80,6280.00,0.36,4420.00,2.24,200.00,0.10
142,Exit Short,MacdLE,2023-02-21 15:45,992.7,1,-1140.00,-0.58,2720.00,-0.11,200.00,0.10,1140.00,0.58
142,Entry Short,MacdSE,2023-02-21 10:45,987.0,1,-1140.00,-0.58,2720.00,-0.11,200.00,0.10,1140.00,0.58
141,Exit Short,MacdLE,2023-02-21 09:45,989.0,1,-140.00,-0.07,3860.00,-0.01,0,0.00,240.00,0.12
141,Entry Short,MacdSE,2023-02-20 16:45,988.3,1,-140.00,-0.07,3860.00,-0.01,0,0.00,240.00,0.12
140,Exit Short,MacdLE,2023-02-20 10:45,989.2,1,-820.00,-0.42,4000.00,-0.08,20.00,0.01,980.00,0.50
140,Entry Short,MacdSE,2023-02-17 15:45,985.1,1,-820.00,-0.42,4000.00,-0.08,20.00,0.01,980.00,0.50
139,Exit Short,MacdLE,2023-02-15 16:45,984.0,1,-340.00,-0.17,4820.00,-0.03,20.00,0.01,380.00,0.19
139,Entry Short,MacdSE,2023-02-15 15:45,982.3,1,-340.00,-0.17,4820.00,-0.03,20.00,0.01,380.00,0.19
138,Exit Short,MacdLE,2023-02-13 09:45,979.5,1,3140.00,1.58,5160.00,0.31,3140.00,1.58,760.00,0.38
138,Entry Short,MacdSE,2023-02-06 13:45,995.2,1,3140.00,1.58,5160.00,0.31,3140.00,1.58,760.00,0.38
137,Exit Short,MacdLE,2023-02-01 13:45,995.7,1,-60.00,-0.03,2020.00,-0.01,1060.00,0.53,300.00,0.15
137,Entry Short,MacdSE,2023-01-31 11:45,995.4,1,-60.00,-0.03,2020.00,-0.01,1060.00,0.53,300.00,0.15
136,Exit Short,MacdLE,2023-01-27 14:45,998.1,1,1040.00,0.52,2080.00,0.10,1980.00,0.99,340.00,0.17
136,Entry Short,MacdSE,2023-01-25 13:45,1003.3,1,1040.00,0.52,2080.00,0.10,1980.00,0.99,340.00,0.17
135,Exit Short,MacdLE,2023-01-25 11:45,1004.3,1,-340.00,-0.17,1040.00,-0.03,80.00,0.04,380.00,0.19
135,Entry Short,MacdSE,2023-01-25 10:45,1002.6,1,-340.00,-0.17,1040.00,-0.03,80.00,0.04,380.00,0.19
134,Exit Short,MacdLE,2023-01-23 14:45,1002.7,1,-720.00,-0.36,1380.00,-0.07,140.00,0.07,840.00,0.42
134,Entry Short,MacdSE,2023-01-20 11:45,999.1,1,-720.00,-0.36,1380.00,-0.07,140.00,0.07,840.00,0.42
133,Exit Short,MacdLE,2023-01-18 14:45,1004.3,1,-80.00,-0.04,2100.00,-0.01,640.00,0.32,420.00,0.21
133,Entry Short,MacdSE,2023-01-16 16:45,1003.9,1,-80.00,-0.04,2100.00,-0.01,640.00,0.32,420.00,0.21
132,Exit Short,MacdLE,2023-01-16 13:45,1007.5,1,1000.00,0.49,2180.00,0.10,2860.00,1.41,740.00,0.37
132,Entry Short,MacdSE,2023-01-10 16:45,1012.5,1,1000.00,0.49,2180.00,0.10,2860.00,1.41,740.00,0.37
131,Exit Short,MacdLE,2023-01-09 10:45,1014.0,1,-1400.00,-0.70,1180.00,-0.14,1760.00,0.87,1560.00,0.77
131,Entry Short,MacdSE,2023-01-03 09:45,1007.0,1,-1400.00,-0.70,1180.00,-0.14,1760.00,0.87,1560.00,0.77
130,Exit Short,MacdLE,2022-12-30 10:45,1009.1,1,-2500.00,-1.25,2580.00,-0.25,0,0.00,2660.00,1.33
130,Entry Short,MacdSE,2022-12-29 10:45,996.6,1,-2500.00,-1.25,2580.00,-0.25,0,0.00,2660.00,1.33
129,Exit Short,MacdLE,2022-12-22 09:45,977.0,1,-200.00,-0.10,5080.00,-0.02,960.00,0.49,340.00,0.17
129,Entry Short,MacdSE,2022-12-20 10:45,976.0,1,-200.00,-0.10,5080.00,-0.02,960.00,0.49,340.00,0.17
128,Exit Short,MacdLE,2022-12-19 09:45,982.3,1,-760.00,-0.39,5280.00,-0.08,800.00,0.41,760.00,0.39
128,Entry Short,MacdSE,2022-12-15 11:45,978.5,1,-760.00,-0.39,5280.00,-0.08,800.00,0.41,760.00,0.39
127,Exit Short,MacdLE,2022-12-09 11:45,980.5,1,1920.00,0.97,6040.00,0.19,2920.00,1.47,140.00,0.07
127,Entry Short,MacdSE,2022-12-02 10:45,990.1,1,1920.00,0.97,6040.00,0.19,2920.00,1.47,140.00,0.07
126,Exit Short,MacdLE,2022-11-29 10:45,987.3,1,100.00,0.05,4120.00,0.01,2140.00,1.08,80.00,0.04
126,Entry Short,MacdSE,2022-11-25 09:45,987.8,1,100.00,0.05,4120.00,0.01,2140.00,1.08,80.00,0.04
125,Exit Short,MacdLE,2022-11-18 14:45,983.7,1,1680.00,0.85,4020.00,0.17,2500.00,1.26,1340.00,0.68
125,Entry Short,MacdSE,2022-11-14 13:45,992.1,1,1680.00,0.85,4020.00,0.17,2500.00,1.26,1340.00,0.68
124,Exit Short,MacdLE,2022-11-11 10:45,1000.9,1,-1740.00,-0.88,2340.00,-0.17,2240.00,1.13,2560.00,1.29
124,Entry Short,MacdSE,2022-11-09 13:45,992.2,1,-1740.00,-0.88,2340.00,-0.17,2240.00,1.13,2560.00,1.29
123,Exit Short,MacdLE,2022-11-08 13:45,993.9,1,-480.00,-0.24,4080.00,-0.05,1300.00,0.66,1040.00,0.52
123,Entry Short,MacdSE,2022-11-02 16:45,991.5,1,-480.00,-0.24,4080.00,-0.05,1300.00,0.66,1040.00,0.52
122,Exit Short,MacdLE,2022-11-01 14:45,985.3,1,-1320.00,-0.67,4560.00,-0.13,0,0.00,1520.00,0.78
122,Entry Short,MacdSE,2022-10-31 16:45,978.7,1,-1320.00,-0.67,4560.00,-0.13,0,0.00,1520.00,0.78
121,Exit Short,MacdLE,2022-10-31 10:45,982.9,1,-2020.00,-1.04,5880.00,-0.20,60.00,0.03,2240.00,1.15
121,Entry Short,MacdSE,2022-10-28 14:45,972.8,1,-2020.00,-1.04,5880.00,-0.20,60.00,0.03,2240.00,1.15
120,Exit Short,MacdLE,2022-10-27 15:45,974.7,1,-1620.00,-0.84,7900.00,-0.16,280.00,0.14,1620.00,0.84
120,Entry Short,MacdSE,2022-10-26 13:45,966.6,1,-1620.00,-0.84,7900.00,-0.16,280.00,0.14,1620.00,0.84
119,Exit Short,MacdLE,2022-10-25 10:45,964.6,1,-1340.00,-0.70,9520.00,-0.13,80.00,0.04,1640.00,0.86
119,Entry Short,MacdSE,2022-10-21 15:45,957.9,1,-1340.00,-0.70,9520.00,-0.13,80.00,0.04,1640.00,0.86
118,Exit Short,MacdLE,2022-10-12 11:45,935.4,1,480.00,0.26,10860.00,0.05,1360.00,0.73,100.00,0.05
118,Entry Short,MacdSE,2022-10-10 10:45,937.8,1,480.00,0.26,10860.00,0.05,1360.00,0.73,100.00,0.05
117,Exit Short,MacdLE,2022-10-10 09:45,938.8,1,820.00,0.43,10380.00,0.08,820.00,0.43,740.00,0.39
117,Entry Short,MacdSE,2022-10-07 13:45,942.9,1,820.00,0.43,10380.00,0.08,820.00,0.43,740.00,0.39
116,Exit Short,MacdLE,2022-10-04 13:45,944.6,1,2320.00,1.21,9560.00,0.23,3780.00,1.98,560.00,0.29
116,Entry Short,MacdSE,2022-09-29 16:45,956.2,1,2320.00,1.21,9560.00,0.23,3780.00,1.98,560.00,0.29
115,Exit Short,MacdLE,2022-09-29 11:45,969.8,1,1740.00,0.89,7240.00,0.17,3560.00,1.82,20.00,0.01
115,Entry Short,MacdSE,2022-09-23 16:45,978.5,1,1740.00,0.89,7240.00,0.17,3560.00,1.82,20.00,0.01
114,Exit Short,MacdLE,2022-09-22 14:45,982.2,1,-1200.00,-0.61,5500.00,-0.12,80.00,0.04,1280.00,0.66
114,Entry Short,MacdSE,2022-09-22 10:45,976.2,1,-1200.00,-0.61,5500.00,-0.12,80.00,0.04,1280.00,0.66
113,Exit Short,MacdLE,2022-09-19 16:45,979.4,1,4180.00,2.09,6700.00,0.42,4700.00,2.35,280.00,0.14
113,Entry Short,MacdSE,2022-09-13 16:45,1000.3,1,4180.00,2.09,6700.00,0.42,4700.00,2.35,280.00,0.14
112,Exit Short,MacdLE,2022-09-09 10:45,986.5,1,120.00,0.06,2520.00,0.01,280.00,0.14,320.00,0.16
112,Entry Short,MacdSE,2022-09-09 09:45,987.1,1,120.00,0.06,2520.00,0.01,280.00,0.14,320.00,0.16
111,Exit Short,MacdLE,2022-09-07 15:45,983.6,1,-660.00,-0.34,2400.00,-0.07,40.00,0.02,840.00,0.43
111,Entry Short,MacdSE,2022-09-07 14:45,980.3,1,-660.00,-0.34,2400.00,-0.07,40.00,0.02,840.00,0.43
110,Exit Short,MacdLE,2022-09-05 16:45,977.9,1,800.00,0.41,3060.00,0.08,1820.00,0.93,120.00,0.06
110,Entry Short,MacdSE,2022-09-01 11:45,981.9,1,800.00,0.41,3060.00,0.08,1820.00,0.93,120.00,0.06
109,Exit Short,MacdLE,2022-08-30 13:45,987.0,1,40.00,0.02,2260.00,0.00,2400.00,1.22,940.00,0.48
109,Entry Short,MacdSE,2022-08-26 13:45,987.2,1,40.00,0.02,2260.00,0.00,2400.00,1.22,940.00,0.48
108,Exit Short,MacdLE,2022-08-23 15:45,984.9,1,180.00,0.09,2220.00,0.02,3400.00,1.72,700.00,0.36
108,Entry Short,MacdSE,2022-08-16 09:45,985.8,1,180.00,0.09,2220.00,0.02,3400.00,1.72,700.00,0.36
107,Exit Short,MacdLE,2022-08-15 10:45,984.4,1,-1340.00,-0.69,2040.00,-0.13,660.00,0.34,1420.00,0.73
107,Entry Short,MacdSE,2022-08-11 14:45,977.7,1,-1340.00,-0.69,2040.00,-0.13,660.00,0.34,1420.00,0.73
106,Exit Short,MacdLE,2022-08-11 11:45,981.1,1,-1720.00,-0.88,3380.00,-0.17,340.00,0.17,2000.00,1.03
106,Entry Short,MacdSE,2022-08-10 13:45,972.5,1,-1720.00,-0.88,3380.00,-0.17,340.00,0.17,2000.00,1.03
105,Exit Short,MacdLE,2022-08-08 15:45,967.3,1,-1480.00,-0.77,5100.00,-0.15,520.00,0.27,1520.00,0.79
105,Entry Short,MacdSE,2022-08-04 15:45,959.9,1,-1480.00,-0.77,5100.00,-0.15,520.00,0.27,1520.00,0.79
104,Exit Short,MacdLE,2022-08-04 14:45,963.1,1,-1100.00,-0.57,6580.00,-0.11,380.00,0.20,1540.00,0.80
104,Entry Short,MacdSE,2022-08-02 14:45,957.6,1,-1100.00,-0.57,6580.00,-0.11,380.00,0.20,1540.00,0.80
103,Exit Short,MacdLE,2022-07-27 16:45,952.2,1,-1260.00,-0.67,7680.00,-0.12,780.00,0.41,1580.00,0.84
103,Entry Short,MacdSE,2022-07-26 13:45,945.9,1,-1260.00,-0.67,7680.00,-0.12,780.00,0.41,1580.00,0.84
102,Exit Short,MacdLE,2022-07-20 10:45,935.7,1,-1180.00,-0.63,8940.00,-0.12,120.00,0.06,2440.00,1.31
102,Entry Short,MacdSE,2022-07-19 13:45,929.8,1,-1180.00,-0.63,8940.00,-0.12,120.00,0.06,2440.00,1.31
101,Exit Short,MacdLE,2022-07-18 10:45,938.6,1,1280.00,0.68,10120.00,0.13,4180.00,2.21,1500.00,0.79
101,Entry Short,MacdSE,2022-07-11 14:45,945.0,1,1280.00,0.68,10120.00,0.13,4180.00,2.21,1500.00,0.79
100,Exit Short,MacdLE,2022-07-06 16:45,936.9,1,-580.00,-0.31,8840.00,-0.06,840.00,0.45,700.00,0.37
100,Entry Short,MacdSE,2022-07-05 15:45,934.0,1,-580.00,-0.31,8840.00,-0.06,840.00,0.45,700.00,0.37
99,Exit Short,MacdLE,2022-07-04 13:45,945.2,1,-1240.00,-0.66,9420.00,-0.12,180.00,0.10,1240.00,0.66
99,Entry Short,MacdSE,2022-07-04 10:45,939.0,1,-1240.00,-0.66,9420.00,-0.12,180.00,0.10,1240.00,0.66
98,Exit Short,MacdLE,2022-07-04 09:45,943.0,1,2480.00,1.30,10660.00,0.25,3560.00,1.86,80.00,0.04
98,Entry Short,MacdSE,2022-06-29 10:45,955.4,1,2480.00,1.30,10660.00,0.25,3560.00,1.86,80.00,0.04
97,Exit Short,MacdLE,2022-06-23 10:45,943.0,1,-980.00,-0.52,8180.00,-0.10,340.00,0.18,1500.00,0.80
97,Entry Short,MacdSE,2022-06-22 14:45,938.1,1,-980.00,-0.52,8180.00,-0.10,340.00,0.18,1500.00,0.80
96,Exit Short,MacdLE,2022-06-20 11:45,942.8,1,1820.00,0.96,9160.00,0.18,3040.00,1.60,60.00,0.03
96,Entry Short,MacdSE,2022-06-16 14:45,951.9,1,1820.00,0.96,9160.00,0.18,3040.00,1.60,60.00,0.03
95,Exit Short,MacdLE,2022-06-15 14:45,964.8,1,-480.00,-0.25,7340.00,-0.05,0,0.00,580.00,0.30
95,Entry Short,MacdSE,2022-06-15 13:45,962.4,1,-480.00,-0.25,7340.00,-0.05,0,0.00,580.00,0.30
94,Exit Short,MacdLE,2022-06-15 10:45,966.6,1,3780.00,1.92,7820.00,0.38,4480.00,2.27,260.00,0.13
94,Entry Short,MacdSE,2022-06-10 14:45,985.5,1,3780.00,1.92,7820.00,0.38,4480.00,2.27,260.00,0.13
93,Exit Short,MacdLE,2022-06-09 10:45,987.7,1,1900.00,0.95,4040.00,0.19,3020.00,1.51,540.00,0.27
93,Entry Short,MacdSE,2022-06-02 09:45,997.2,1,1900.00,0.95,4040.00,0.19,3020.00,1.51,540.00,0.27
92,Exit Short,MacdLE,2022-05-31 15:45,997.7,1,-880.00,-0.44,2140.00,-0.09,100.00,0.05,1060.00,0.53
92,Entry Short,MacdSE,2022-05-31 14:45,993.3,1,-880.00,-0.44,2140.00,-0.09,100.00,0.05,1060.00,0.53
91,Exit Short,MacdLE,2022-05-27 10:45,989.7,1,-2060.00,-1.05,3020.00,-0.20,1240.00,0.63,2260.00,1.15
91,Entry Short,MacdSE,2022-05-24 13:45,979.4,1,-2060.00,-1.05,3020.00,-0.20,1240.00,0.63,2260.00,1.15
90,Exit Short,MacdLE,2022-05-20 11:45,973.4,1,-1920.00,-1.00,5080.00,-0.19,800.00,0.42,2420.00,1.26
90,Entry Short,MacdSE,2022-05-19 11:45,963.8,1,-1920.00,-1.00,5080.00,-0.19,800.00,0.42,2420.00,1.26
89,Exit Short,MacdLE,2022-05-13 10:45,952.2,1,-1140.00,-0.60,7000.00,-0.11,1080.00,0.57,1360.00,0.72
89,Entry Short,MacdSE,2022-05-12 11:45,946.5,1,-1140.00,-0.60,7000.00,-0.11,1080.00,0.57,1360.00,0.72
88,Exit Short,MacdLE,2022-05-10 14:45,954.8,1,3440.00,1.77,8140.00,0.34,5380.00,2.77,80.00,0.04
88,Entry Short,MacdSE,2022-05-05 16:45,972.0,1,3440.00,1.77,8140.00,0.34,5380.00,2.77,80.00,0.04
87,Exit Short,MacdLE,2022-05-05 10:45,983.6,1,-1600.00,-0.82,4700.00,-0.16,320.00,0.16,1940.00,0.99
87,Entry Short,MacdSE,2022-05-03 13:45,975.6,1,-1600.00,-0.82,4700.00,-0.16,320.00,0.16,1940.00,0.99
86,Exit Short,MacdLE,2022-04-28 09:45,977.5,1,-520.00,-0.27,6300.00,-0.05,680.00,0.35,520.00,0.27
86,Entry Short,MacdSE,2022-04-27 11:45,974.9,1,-520.00,-0.27,6300.00,-0.05,680.00,0.35,520.00,0.27
85,Exit Short,MacdLE,2022-04-26 15:45,981.0,1,1140.00,0.58,6820.00,0.11,2320.00,1.18,800.00,0.41
85,Entry Short,MacdSE,2022-04-22 11:45,986.7,1,1140.00,0.58,6820.00,0.11,2320.00,1.18,800.00,0.41
84,Exit Short,MacdLE,2022-04-19 10:45,995.5,1,-1120.00,-0.57,5680.00,-0.11,120.00,0.06,1120.00,0.57
84,Entry Short,MacdSE,2022-04-19 09:45,989.9,1,-1120.00,-0.57,5680.00,-0.11,120.00,0.06,1120.00,0.57
83,Exit Short,MacdLE,2022-04-12 11:45,994.7,1,-200.00,-0.10,6800.00,-0.02,140.00,0.07,300.00,0.15
83,Entry Short,MacdSE,2022-04-12 10:45,993.7,1,-200.00,-0.10,6800.00,-0.02,140.00,0.07,300.00,0.15
82,Exit Short,MacdLE,2022-04-12 09:45,992.0,1,520.00,0.26,7000.00,0.05,520.00,0.26,1020.00,0.51
82,Entry Short,MacdSE,2022-04-11 10:45,994.6,1,520.00,0.26,7000.00,0.05,520.00,0.26,1020.00,0.51
81,Exit Short,MacdLE,2022-04-11 09:45,996.0,1,4100.00,2.02,6480.00,0.41,4100.00,2.02,180.00,0.09
81,Entry Short,MacdSE,2022-04-05 15:45,1016.5,1,4100.00,2.02,6480.00,0.41,4100.00,2.02,180.00,0.09
80,Exit Short,MacdLE,2022-04-05 13:45,1018.4,1,-80.00,-0.04,2380.00,-0.01,80.00,0.04,220.00,0.11
80,Entry Short,MacdSE,2022-04-05 11:45,1018.0,1,-80.00,-0.04,2380.00,-0.01,80.00,0.04,220.00,0.11
79,Exit Short,MacdLE,2022-04-05 10:45,1018.8,1,-500.00,-0.25,2460.00,-0.05,240.00,0.12,840.00,0.41
79,Entry Short,MacdSE,2022-04-04 13:45,1016.3,1,-500.00,-0.25,2460.00,-0.05,240.00,0.12,840.00,0.41
78,Exit Short,MacdLE,2022-04-04 10:45,1019.1,1,-180.00,-0.09,2960.00,-0.02,1540.00,0.76,540.00,0.27
78,Entry Short,MacdSE,2022-03-31 13:45,1018.2,1,-180.00,-0.09,2960.00,-0.02,1540.00,0.76,540.00,0.27
77,Exit Short,MacdLE,2022-03-28 10:45,1012.4,1,-780.00,-0.39,3140.00,-0.08,420.00,0.21,1140.00,0.57
77,Entry Short,MacdSE,2022-03-25 14:45,1008.5,1,-780.00,-0.39,3140.00,-0.08,420.00,0.21,1140.00,0.57
76,Exit Short,MacdLE,2022-03-24 14:45,1011.9,1,1140.00,0.56,3920.00,0.11,3000.00,1.47,360.00,0.18
76,Entry Short,MacdSE,2022-03-18 15:45,1017.6,1,1140.00,0.56,3920.00,0.11,3000.00,1.47,360.00,0.18
75,Exit Short,MacdLE,2022-03-16 14:45,1008.0,1,-2780.00,-1.40,2780.00,-0.28,580.00,0.29,3020.00,1.52
75,Entry Short,MacdSE,2022-03-15 13:45,994.1,1,-2780.00,-1.40,2780.00,-0.28,580.00,0.29,3020.00,1.52
74,Exit Short,MacdLE,2022-03-09 10:45,977.4,1,7300.00,3.60,5560.00,0.73,11680.00,5.76,540.00,0.27
74,Entry Short,MacdSE,2022-03-04 10:45,1013.9,1,7300.00,3.60,5560.00,0.73,11680.00,5.76,540.00,0.27
73,Exit Short,MacdLE,2022-02-25 11:45,1008.7,1,-1240.00,-0.62,-1740.00,-0.12,1300.00,0.65,1660.00,0.83
73,Entry Short,MacdSE,2022-02-24 11:45,1002.5,1,-1240.00,-0.62,-1740.00,-0.12,1300.00,0.65,1660.00,0.83
72,Exit Short,MacdLE,2022-02-23 14:45,1010.4,1,3940.00,1.91,-500.00,0.40,5880.00,2.85,640.00,0.31
72,Entry Short,MacdSE,2022-02-18 14:45,1030.1,1,3940.00,1.91,-500.00,0.40,5880.00,2.85,640.00,0.31
71,Exit Short,MacdLE,2022-02-15 16:45,1025.0,1,-1340.00,-0.66,-4440.00,-0.13,1240.00,0.61,1680.00,0.82
71,Entry Short,MacdSE,2022-02-11 09:45,1018.3,1,-1340.00,-0.66,-4440.00,-0.13,1240.00,0.61,1680.00,0.82
70,Exit Short,MacdLE,2022-02-08 10:45,998.5,1,-1280.00,-0.65,-3100.00,-0.13,100.00,0.05,1500.00,0.76
70,Entry Short,MacdSE,2022-02-07 10:45,992.1,1,-1280.00,-0.65,-3100.00,-0.13,100.00,0.05,1500.00,0.76
69,Exit Short,MacdLE,2022-02-04 10:45,995.6,1,-700.00,-0.35,-1820.00,-0.07,1620.00,0.82,1080.00,0.54
69,Entry Short,MacdSE,2022-02-02 09:45,992.1,1,-700.00,-0.35,-1820.00,-0.07,1620.00,0.82,1080.00,0.54
68,Exit Short,MacdLE,2022-01-28 10:45,983.4,1,-2320.00,-1.19,-1120.00,-0.23,20.00,0.01,2340.00,1.20
68,Entry Short,MacdSE,2022-01-27 11:45,971.8,1,-2320.00,-1.19,-1120.00,-0.23,20.00,0.01,2340.00,1.20
67,Exit Short,MacdLE,2022-01-25 16:45,977.6,1,-200.00,-0.10,1200.00,-0.02,1620.00,0.83,280.00,0.14
67,Entry Short,MacdSE,2022-01-24 16:45,976.6,1,-200.00,-0.10,1200.00,-0.02,1620.00,0.83,280.00,0.14
66,Exit Short,MacdLE,2022-01-24 15:45,978.3,1,-420.00,-0.22,1400.00,-0.04,20.00,0.01,860.00,0.44
66,Entry Short,MacdSE,2022-01-24 14:45,976.2,1,-420.00,-0.22,1400.00,-0.04,20.00,0.01,860.00,0.44
65,Exit Short,MacdLE,2022-01-24 09:45,977.5,1,-380.00,-0.19,1820.00,-0.04,580.00,0.30,980.00,0.50
65,Entry Short,MacdSE,2022-01-21 10:45,975.6,1,-380.00,-0.19,1820.00,-0.04,580.00,0.30,980.00,0.50
64,Exit Short,MacdLE,2022-01-20 09:45,984.5,1,720.00,0.36,2200.00,0.07,2280.00,1.15,20.00,0.01
64,Entry Short,MacdSE,2022-01-18 10:45,988.1,1,720.00,0.36,2200.00,0.07,2280.00,1.15,20.00,0.01
63,Exit Short,MacdLE,2022-01-17 16:45,990.0,1,-1360.00,-0.69,1480.00,-0.14,60.00,0.03,1760.00,0.90
63,Entry Short,MacdSE,2022-01-14 10:45,983.2,1,-1360.00,-0.69,1480.00,-0.14,60.00,0.03,1760.00,0.90
62,Exit Short,MacdLE,2022-01-10 14:45,982.8,1,2420.00,1.22,2840.00,0.24,3960.00,1.99,340.00,0.17
62,Entry Short,MacdSE,2022-01-05 14:45,994.9,1,2420.00,1.22,2840.00,0.24,3960.00,1.99,340.00,0.17
61,Exit Short,MacdLE,2021-12-30 11:45,984.8,1,-1660.00,-0.85,420.00,-0.17,20.00,0.01,1840.00,0.94
61,Entry Short,MacdSE,2021-12-29 10:45,976.5,1,-1660.00,-0.85,420.00,-0.17,20.00,0.01,1840.00,0.94
60,Exit Short,MacdLE,2021-12-28 10:45,982.6,1,-1420.00,-0.73,2080.00,-0.14,620.00,0.32,1620.00,0.83
60,Entry Short,MacdSE,2021-12-27 11:45,975.5,1,-1420.00,-0.73,2080.00,-0.14,620.00,0.32,1620.00,0.83
59,Exit Short,MacdLE,2021-12-22 11:45,964.4,1,-140.00,-0.07,3500.00,-0.01,2100.00,1.09,840.00,0.44
59,Entry Short,MacdSE,2021-12-20 10:45,963.7,1,-140.00,-0.07,3500.00,-0.01,2100.00,1.09,840.00,0.44
58,Exit Short,MacdLE,2021-12-16 11:45,970.4,1,-1320.00,-0.68,3640.00,-0.13,1320.00,0.68,1360.00,0.71
58,Entry Short,MacdSE,2021-12-13 13:45,963.8,1,-1320.00,-0.68,3640.00,-0.13,1320.00,0.68,1360.00,0.71
57,Exit Short,MacdLE,2021-12-13 10:45,965.6,1,-1320.00,-0.69,4960.00,-0.13,100.00,0.05,1780.00,0.93
57,Entry Short,MacdSE,2021-12-09 15:45,959.0,1,-1320.00,-0.69,4960.00,-0.13,100.00,0.05,1780.00,0.93
56,Exit Short,MacdLE,2021-12-01 13:45,942.8,1,8820.00,4.47,6280.00,0.88,11620.00,5.89,260.00,0.13
56,Entry Short,MacdSE,2021-11-25 11:45,986.9,1,8820.00,4.47,6280.00,0.88,11620.00,5.89,260.00,0.13
55,Exit Short,MacdLE,2021-11-24 10:45,991.9,1,-1180.00,-0.60,-2540.00,-0.12,180.00,0.09,1320.00,0.67
55,Entry Short,MacdSE,2021-11-23 15:45,986.0,1,-1180.00,-0.60,-2540.00,-0.12,180.00,0.09,1320.00,0.67
54,Exit Short,MacdLE,2021-11-22 14:45,988.0,1,-600.00,-0.30,-1360.00,-0.06,980.00,0.50,1180.00,0.60
54,Entry Short,MacdSE,2021-11-17 11:45,985.0,1,-600.00,-0.30,-1360.00,-0.06,980.00,0.50,1180.00,0.60
53,Exit Short,MacdLE,2021-11-11 16:45,979.1,1,-820.00,-0.42,-760.00,-0.08,900.00,0.46,1000.00,0.51
53,Entry Short,MacdSE,2021-11-10 09:45,975.0,1,-820.00,-0.42,-760.00,-0.08,900.00,0.46,1000.00,0.51
52,Exit Short,MacdLE,2021-11-09 15:45,981.4,1,-740.00,-0.38,60.00,-0.07,320.00,0.16,920.00,0.47
52,Entry Short,MacdSE,2021-11-08 14:45,977.7,1,-740.00,-0.38,60.00,-0.07,320.00,0.16,920.00,0.47
51,Exit Short,MacdLE,2021-11-02 11:45,972.5,1,-640.00,-0.33,800.00,-0.06,520.00,0.27,840.00,0.43
51,Entry Short,MacdSE,2021-11-01 13:45,969.3,1,-640.00,-0.33,800.00,-0.06,520.00,0.27,840.00,0.43
50,Exit Short,MacdLE,2021-11-01 09:45,978.5,1,80.00,0.04,1440.00,0.01,1540.00,0.79,140.00,0.07
50,Entry Short,MacdSE,2021-10-27 11:45,978.9,1,80.00,0.04,1440.00,0.01,1540.00,0.79,140.00,0.07
49,Exit Short,MacdLE,2021-10-26 16:45,983.6,1,-660.00,-0.34,1360.00,-0.07,880.00,0.45,900.00,0.46
49,Entry Short,MacdSE,2021-10-25 11:45,980.3,1,-660.00,-0.34,1360.00,-0.07,880.00,0.45,900.00,0.46
48,Exit Short,MacdLE,2021-10-21 10:45,987.0,1,380.00,0.19,2020.00,0.04,2080.00,1.05,1200.00,0.61
48,Entry Short,MacdSE,2021-10-15 13:45,988.9,1,380.00,0.19,2020.00,0.04,2080.00,1.05,1200.00,0.61
47,Exit Short,MacdLE,2021-10-15 10:45,990.9,1,-1280.00,-0.65,1640.00,-0.13,240.00,0.12,1500.00,0.76
47,Entry Short,MacdSE,2021-10-14 14:45,984.5,1,-1280.00,-0.65,1640.00,-0.13,240.00,0.12,1500.00,0.76
46,Exit Short,MacdLE,2021-10-12 16:45,987.0,1,-1020.00,-0.52,2920.00,-0.10,1060.00,0.54,1820.00,0.93
46,Entry Short,MacdSE,2021-10-11 10:45,981.9,1,-1020.00,-0.52,2920.00,-0.10,1060.00,0.54,1820.00,0.93
45,Exit Short,MacdLE,2021-10-07 10:45,981.7,1,-2680.00,-1.38,3940.00,-0.27,560.00,0.29,2700.00,1.39
45,Entry Short,MacdSE,2021-10-06 15:45,968.3,1,-2680.00,-1.38,3940.00,-0.27,560.00,0.29,2700.00,1.39
44,Exit Short,MacdLE,2021-10-04 09:45,962.9,1,1920.00,0.99,6620.00,0.19,3840.00,1.97,1100.00,0.57
44,Entry Short,MacdSE,2021-09-27 16:45,972.5,1,1920.00,0.99,6620.00,0.19,3840.00,1.97,1100.00,0.57
43,Exit Short,MacdLE,2021-09-21 14:45,964.2,1,900.00,0.46,4700.00,0.09,3260.00,1.68,740.00,0.38
43,Entry Short,MacdSE,2021-09-17 11:45,968.7,1,900.00,0.46,4700.00,0.09,3260.00,1.68,740.00,0.38
42,Exit Short,MacdLE,2021-09-15 16:45,974.8,1,300.00,0.15,3800.00,0.03,1260.00,0.65,320.00,0.16
42,Entry Short,MacdSE,2021-09-14 11:45,976.3,1,300.00,0.15,3800.00,0.03,1260.00,0.65,320.00,0.16
41,Exit Short,MacdLE,2021-09-10 15:45,984.6,1,2480.00,1.24,3500.00,0.25,4720.00,2.37,1580.00,0.79
41,Entry Short,MacdSE,2021-09-03 15:45,997.0,1,2480.00,1.24,3500.00,0.25,4720.00,2.37,1580.00,0.79
40,Exit Short,MacdLE,2021-09-02 16:45,994.7,1,-2040.00,-1.04,1020.00,-0.20,460.00,0.23,2980.00,1.51
40,Entry Short,MacdSE,2021-08-31 16:45,984.5,1,-2040.00,-1.04,1020.00,-0.20,460.00,0.23,2980.00,1.51
39,Exit Short,MacdLE,2021-08-30 10:45,979.5,1,-2900.00,-1.50,3060.00,-0.29,140.00,0.07,3340.00,1.73
39,Entry Short,MacdSE,2021-08-27 15:45,965.0,1,-2900.00,-1.50,3060.00,-0.29,140.00,0.07,3340.00,1.73
38,Exit Short,MacdLE,2021-08-27 14:45,969.7,1,-3220.00,-1.69,5960.00,-0.32,120.00,0.06,3340.00,1.75
38,Entry Short,MacdSE,2021-08-25 11:45,953.6,1,-3220.00,-1.69,5960.00,-0.32,120.00,0.06,3340.00,1.75
37,Exit Short,MacdLE,2021-08-23 10:45,939.7,1,-3700.00,-2.01,9180.00,-0.37,440.00,0.24,3720.00,2.02
37,Entry Short,MacdSE,2021-08-19 11:45,921.2,1,-3700.00,-2.01,9180.00,-0.37,440.00,0.24,3720.00,2.02
36,Exit Short,MacdLE,2021-08-16 15:45,912.6,1,-540.00,-0.30,12880.00,-0.05,920.00,0.51,900.00,0.49
36,Entry Short,MacdSE,2021-08-11 11:45,909.9,1,-540.00,-0.30,12880.00,-0.05,920.00,0.51,900.00,0.49
35,Exit Short,MacdLE,2021-08-09 11:45,910.0,1,-240.00,-0.13,13420.00,-0.02,2520.00,1.39,560.00,0.31
35,Entry Short,MacdSE,2021-08-05 13:45,908.8,1,-240.00,-0.13,13420.00,-0.02,2520.00,1.39,560.00,0.31
34,Exit Short,MacdLE,2021-08-02 14:45,906.5,1,20.00,0.01,13660.00,0.00,960.00,0.53,480.00,0.26
34,Entry Short,MacdSE,2021-07-30 11:45,906.6,1,20.00,0.01,13660.00,0.00,960.00,0.53,480.00,0.26
33,Exit Short,MacdLE,2021-07-29 14:45,914.9,1,120.00,0.07,13640.00,0.01,1600.00,0.87,500.00,0.27
33,Entry Short,MacdSE,2021-07-23 15:45,915.5,1,120.00,0.07,13640.00,0.01,1600.00,0.87,500.00,0.27
32,Exit Short,MacdLE,2021-07-21 15:45,916.9,1,3160.00,1.69,13520.00,0.31,4300.00,2.31,660.00,0.35
32,Entry Short,MacdSE,2021-07-16 09:45,932.7,1,3160.00,1.69,13520.00,0.31,4300.00,2.31,660.00,0.35
31,Exit Short,MacdLE,2021-07-09 16:45,930.2,1,2920.00,1.55,10360.00,0.29,4860.00,2.57,520.00,0.28
31,Entry Short,MacdSE,2021-07-07 13:45,944.8,1,2920.00,1.55,10360.00,0.29,4860.00,2.57,520.00,0.28
30,Exit Short,MacdLE,2021-07-05 16:45,944.7,1,-240.00,-0.13,7440.00,-0.02,720.00,0.38,500.00,0.26
30,Entry Short,MacdSE,2021-07-02 13:45,943.5,1,-240.00,-0.13,7440.00,-0.02,720.00,0.38,500.00,0.26
29,Exit Short,MacdLE,2021-07-01 13:45,952.0,1,-800.00,-0.42,7680.00,-0.08,560.00,0.30,800.00,0.42
29,Entry Short,MacdSE,2021-07-01 09:45,948.0,1,-800.00,-0.42,7680.00,-0.08,560.00,0.30,800.00,0.42
28,Exit Short,MacdLE,2021-06-29 09:45,945.5,1,580.00,0.31,8480.00,0.06,580.00,0.31,600.00,0.32
28,Entry Short,MacdSE,2021-06-28 14:45,948.4,1,580.00,0.31,8480.00,0.06,580.00,0.31,600.00,0.32
27,Exit Short,MacdLE,2021-06-28 11:45,952.2,1,-840.00,-0.44,7900.00,-0.08,80.00,0.04,1000.00,0.53
27,Entry Short,MacdSE,2021-06-28 10:45,948.0,1,-840.00,-0.44,7900.00,-0.08,80.00,0.04,1000.00,0.53
26,Exit Short,MacdLE,2021-06-25 10:45,959.3,1,-1240.00,-0.65,8740.00,-0.12,1160.00,0.61,1380.00,0.72
26,Entry Short,MacdSE,2021-06-24 10:45,953.1,1,-1240.00,-0.65,8740.00,-0.12,1160.00,0.61,1380.00,0.72
25,Exit Short,MacdLE,2021-06-22 10:45,966.9,1,3580.00,1.82,9980.00,0.36,6380.00,3.24,640.00,0.32
25,Entry Short,MacdSE,2021-06-14 15:45,984.8,1,3580.00,1.82,9980.00,0.36,6380.00,3.24,640.00,0.32
24,Exit Short,MacdLE,2021-06-09 11:45,977.4,1,60.00,0.03,6400.00,0.01,2400.00,1.23,660.00,0.34
24,Entry Short,MacdSE,2021-06-02 16:45,977.7,1,60.00,0.03,6400.00,0.01,2400.00,1.23,660.00,0.34
23,Exit Short,MacdLE,2021-06-01 10:45,970.6,1,-2520.00,-1.32,6340.00,-0.25,1280.00,0.67,2900.00,1.51
23,Entry Short,MacdSE,2021-05-31 09:45,958.0,1,-2520.00,-1.32,6340.00,-0.25,1280.00,0.67,2900.00,1.51
22,Exit Short,MacdLE,2021-05-25 10:45,942.7,1,-300.00,-0.16,8860.00,-0.03,1840.00,0.98,740.00,0.39
22,Entry Short,MacdSE,2021-05-19 15:45,941.2,1,-300.00,-0.16,8860.00,-0.03,1840.00,0.98,740.00,0.39
21,Exit Short,MacdLE,2021-05-14 16:45,934.9,1,3380.00,1.78,9160.00,0.34,9100.00,4.78,1040.00,0.55
21,Entry Short,MacdSE,2021-05-11 13:45,951.8,1,3380.00,1.78,9160.00,0.34,9100.00,4.78,1040.00,0.55
20,Exit Short,MacdLE,2021-05-06 14:45,942.9,1,2660.00,1.39,5780.00,0.27,7580.00,3.96,160.00,0.08
20,Entry Short,MacdSE,2021-04-30 14:45,956.2,1,2660.00,1.39,5780.00,0.27,7580.00,3.96,160.00,0.08
19,Exit Short,MacdLE,2021-04-26 16:45,940.6,1,3780.00,1.97,3120.00,0.38,5260.00,2.74,260.00,0.14
19,Entry Short,MacdSE,2021-04-22 09:45,959.5,1,3780.00,1.97,3120.00,0.38,5260.00,2.74,260.00,0.14
18,Exit Short,MacdLE,2021-04-16 14:45,940.0,1,-380.00,-0.20,-660.00,-0.04,720.00,0.38,980.00,0.52
18,Entry Short,MacdSE,2021-04-12 11:45,938.1,1,-380.00,-0.20,-660.00,-0.04,720.00,0.38,980.00,0.52
17,Exit Short,MacdLE,2021-04-09 10:45,950.8,1,4340.00,2.23,-280.00,0.44,6100.00,3.14,80.00,0.04
17,Entry Short,MacdSE,2021-04-05 09:45,972.5,1,4340.00,2.23,-280.00,0.44,6100.00,3.14,80.00,0.04
16,Exit Short,MacdLE,2021-04-01 13:45,971.9,1,-720.00,-0.37,-4620.00,-0.07,840.00,0.43,840.00,0.43
16,Entry Short,MacdSE,2021-03-30 14:45,968.3,1,-720.00,-0.37,-4620.00,-0.07,840.00,0.43,840.00,0.43
15,Exit Short,MacdLE,2021-03-24 14:45,956.7,1,-640.00,-0.34,-3900.00,-0.06,160.00,0.08,880.00,0.46
15,Entry Short,MacdSE,2021-03-24 11:45,953.5,1,-640.00,-0.34,-3900.00,-0.06,160.00,0.08,880.00,0.46
14,Exit Short,MacdLE,2021-03-22 15:45,961.1,1,-800.00,-0.42,-3260.00,-0.08,1320.00,0.69,1180.00,0.62
14,Entry Short,MacdSE,2021-03-19 09:45,957.1,1,-800.00,-0.42,-3260.00,-0.08,1320.00,0.69,1180.00,0.62
13,Exit Short,MacdLE,2021-03-18 10:45,976.9,1,-780.00,-0.40,-2460.00,-0.08,2900.00,1.49,1100.00,0.57
13,Entry Short,MacdSE,2021-03-12 13:45,973.0,1,-780.00,-0.40,-2460.00,-0.08,2900.00,1.49,1100.00,0.57
12,Exit Short,MacdLE,2021-03-10 14:45,969.0,1,-1860.00,-0.97,-1680.00,-0.19,2100.00,1.09,1960.00,1.02
12,Entry Short,MacdSE,2021-03-05 14:45,959.7,1,-1860.00,-0.97,-1680.00,-0.19,2100.00,1.09,1960.00,1.02
11,Exit Short,MacdLE,2021-03-05 11:45,963.0,1,-3400.00,-1.80,180.00,-0.34,1140.00,0.60,3600.00,1.90
11,Entry Short,MacdSE,2021-03-05 09:45,946.0,1,-3400.00,-1.80,180.00,-0.34,1140.00,0.60,3600.00,1.90
10,Exit Short,MacdLE,2021-03-01 15:45,930.0,1,-1720.00,-0.93,3580.00,-0.17,0,0.00,2120.00,1.15
10,Entry Short,MacdSE,2021-03-01 11:45,921.4,1,-1720.00,-0.93,3580.00,-0.17,0,0.00,2120.00,1.15
9,Exit Short,MacdLE,2021-02-23 11:45,924.2,1,3360.00,1.79,5300.00,0.34,6480.00,3.44,600.00,0.32
9,Entry Short,MacdSE,2021-02-17 09:45,941.0,1,3360.00,1.79,5300.00,0.34,6480.00,3.44,600.00,0.32
8,Exit Short,MacdLE,2021-02-15 15:45,946.1,1,-40.00,-0.02,1940.00,0.00,2520.00,1.33,1420.00,0.75
8,Entry Short,MacdSE,2021-02-10 11:45,945.9,1,-40.00,-0.02,1940.00,0.00,2520.00,1.33,1420.00,0.75
7,Exit Short,MacdLE,2021-02-05 11:45,922.0,1,-740.00,-0.40,1980.00,-0.07,1300.00,0.71,1400.00,0.76
7,Entry Short,MacdSE,2021-02-03 16:45,918.3,1,-740.00,-0.40,1980.00,-0.07,1300.00,0.71,1400.00,0.76
6,Exit Short,MacdLE,2021-02-01 11:45,917.1,1,880.00,0.48,2720.00,0.09,3600.00,1.95,600.00,0.33
6,Entry Short,MacdSE,2021-01-28 09:45,921.5,1,880.00,0.48,2720.00,0.09,3600.00,1.95,600.00,0.33
5,Exit Short,MacdLE,2021-01-26 13:45,929.0,1,-80.00,-0.04,1840.00,-0.01,220.00,0.12,660.00,0.36
5,Entry Short,MacdSE,2021-01-26 11:45,928.6,1,-80.00,-0.04,1840.00,-0.01,220.00,0.12,660.00,0.36
4,Exit Short,MacdLE,2021-01-26 09:45,928.9,1,2520.00,1.34,1920.00,0.25,3200.00,1.70,140.00,0.07
4,Entry Short,MacdSE,2021-01-22 10:45,941.5,1,2520.00,1.34,1920.00,0.25,3200.00,1.70,140.00,0.07
3,Exit Short,MacdLE,2021-01-19 10:45,957.5,1,3760.00,1.93,-600.00,0.38,7460.00,3.82,880.00,0.45
3,Entry Short,MacdSE,2021-01-13 16:45,976.3,1,3760.00,1.93,-600.00,0.38,7460.00,3.82,880.00,0.45
2,Exit Short,MacdLE,2021-01-13 13:45,983.5,1,-3100.00,-1.60,-4360.00,-0.31,1180.00,0.61,3280.00,1.69
2,Entry Short,MacdSE,2021-01-11 15:45,968.0,1,-3100.00,-1.60,-4360.00,-0.31,1180.00,0.61,3280.00,1.69
1,Exit Short,MacdLE,2021-01-08 10:45,964.7,1,-1260.00,-0.66,-1260.00,-0.13,220.00,0.11,1520.00,0.79
1,Entry Short,MacdSE,2021-01-08 09:45,958.4,1,-1260.00,-0.66,-1260.00,-0.13,220.00,0.11,1520.00,0.79